投稿日,タイトル,URL,グループ,症状名・悩み事,年月
01/01/2025,知らないことは仕方ないこと,https://www.instagram.com/reel/DEPzrRTTPIH/?utm_source=ig_web_copy_link&igsh=MzRlODBiNWFlZA==,氣,未設定,2025-01
01/02/2025,私の氣ってすごい！,https://www.instagram.com/reel/DES3az4TBOM/?utm_source=ig_web_copy_link&igsh=MzRlODBiNWFlZA==,人間関係・ 氣,未設定,2025-01
01/03/2025,小さな自分,https://www.instagram.com/reel/DEVcv6NzCLO/?utm_source=ig_web_copy_link&igsh=MzRlODBiNWFlZA==,人間関係・ 氣,未設定,2025-01
01/04/2025,和を乱すな！,https://www.instagram.com/reel/DEX_2aDziC6/?utm_source=ig_web_copy_link&igsh=MzRlODBiNWFlZA==,人間関係,未設定,2025-01
01/05/2025,姑の言葉の裏を読む,https://www.instagram.com/reel/DEalzflTRO-/?utm_source=ig_web_copy_link&igsh=MzRlODBiNWFlZA==,人間関係,未設定,2025-01
01/06/2025,機嫌が悪い,https://www.instagram.com/reel/DEdLuOlTnLq/?utm_source=ig_web_copy_link&igsh=MzRlODBiNWFlZA==,人間関係・ 氣,未設定,2025-01
01/07/2025,準備がスムーズに,https://www.instagram.com/reel/DEfwhMCzO2r/?utm_source=ig_web_copy_link&igsh=MzRlODBiNWFlZA==,嬉しい報告・ 氣,未設定,2025-01
01/08/2025,人の好き嫌いどう活かしてる？,https://www.instagram.com/reel/DEiVSeZTef2/?utm_source=ig_web_copy_link&igsh=MzRlODBiNWFlZA==,人間関係・ 氣,未設定,2025-01
01/09/2025,よく風邪をひく,https://www.instagram.com/reel/DEk6HTIzt2u/?utm_source=ig_web_copy_link&igsh=MzRlODBiNWFlZA==,体調不良,未設定,2025-01
01/11/2025,怒鳴る上司を放置したら…,https://www.instagram.com/reel/DEqDq5DTI2G/?utm_source=ig_web_copy_link&igsh=MzRlODBiNWFlZA==,人間関係・ 嬉しい報告,未設定,2025-01
01/12/2025,気配りの人,https://www.instagram.com/reel/DEsn24uTkK3/?utm_source=ig_web_copy_link&igsh=MzRlODBiNWFlZA==,人間関係・ 氣,未設定,2025-01
01/13/2025,お祓いに行った方がいい？,https://www.instagram.com/reel/DEvNUp1z3ee/?utm_source=ig_web_copy_link&igsh=MzRlODBiNWFlZA==,氣,未設定,2025-01
01/14/2025,起こさないと切れる娘のその後,https://www.instagram.com/reel/DExylokTYzS/?utm_source=ig_web_copy_link&igsh=MzRlODBiNWFlZA==,嬉しい報告・ 親子,未設定,2025-01
01/15/2025,のびのびといい加減,https://www.instagram.com/reel/DE0W6Cqz9Hz/?utm_source=ig_web_copy_link&igsh=MzRlODBiNWFlZA==,氣,未設定,2025-01
01/16/2025,元気の良さと氣の乱れの違い,https://www.instagram.com/reel/DE27ptpzoiO/?utm_source=ig_web_copy_link&igsh=MzRlODBiNWFlZA==,氣・ 親子,未設定,2025-01
01/17/2025,のびのびしたら家事を手伝うようになった娘,https://www.instagram.com/reel/DE5ggDfzQEG/?utm_source=ig_web_copy_link&igsh=MzRlODBiNWFlZA==,嬉しい報告・ 親子,未設定,2025-01
01/18/2025,異動願いを引き止められた,https://www.instagram.com/reel/DE8FwjGTd-c/?utm_source=ig_web_copy_link&igsh=MzRlODBiNWFlZA==,氣,未設定,2025-01
01/19/2025,テスト勉強をしない娘,https://www.instagram.com/reel/DE-qmjFzUjc/?utm_source=ig_web_copy_link&igsh=MzRlODBiNWFlZA==,不登校・ 氣・ 親子,未設定,2025-01
01/20/2025,食事の好みの変化,https://www.instagram.com/reel/DFBO0odzZQS/?utm_source=ig_web_copy_link&igsh=MzRlODBiNWFlZA==,嬉しい報告・ 食事,未設定,2025-01
01/21/2025,よかれと共依存,https://www.instagram.com/reel/DFDzqrDxDhN/?utm_source=ig_web_copy_link&igsh=MzRlODBiNWFlZA==,人間関係・ 親子,未設定,2025-01
01/22/2025,親の育て方が悪かった,https://www.instagram.com/reel/DFGYbCaRIFe/?utm_source=ig_web_copy_link&igsh=MzRlODBiNWFlZA==,親子,未設定,2025-01
01/23/2025,鎧のように固かった私,https://www.instagram.com/reel/DFI9QFSSPGp/?utm_source=ig_web_copy_link&igsh=MzRlODBiNWFlZA==,嬉しい報告・ 氣,未設定,2025-01
01/24/2025,午前中にイライラしたボウズ,https://www.instagram.com/reel/DFLh9GcT3bh/?utm_source=ig_web_copy_link&igsh=MzRlODBiNWFlZA==,氣,未設定,2025-01
01/25/2025,お弁当辞める宣言,https://www.instagram.com/reel/DFOHZM5zAf0/?utm_source=ig_web_copy_link&igsh=MzRlODBiNWFlZA==,嬉しい報告・ 親子,未設定,2025-01
01/26/2025,子どもの吃音,https://www.instagram.com/reel/DFQsMWFTGMv/?utm_source=ig_web_copy_link&igsh=MzRlODBiNWFlZA==,嬉しい報告・ 氣・ 親子,未設定,2025-01
01/27/2025,恋愛で依存体質,https://www.instagram.com/reel/DFTQYd_zSaF/?utm_source=ig_web_copy_link&igsh=MzRlODBiNWFlZA==,パートナー・ 人間関係・ 氣,未設定,2025-01
01/28/2025,お金の価値観,https://www.instagram.com/reel/DFV1Ixxzj8u/?utm_source=ig_web_copy_link&igsh=MzRlODBiNWFlZA==,人間関係・ 氣・ 親子,未設定,2025-01
01/29/2025,親子で氣の話,https://www.instagram.com/reel/DFYZ9RJTQh4/?utm_source=ig_web_copy_link&igsh=MzRlODBiNWFlZA==,嬉しい報告・ 親子,未設定,2025-01
01/30/2025,よかれと忘れ物,https://www.instagram.com/reel/DFa_Z2WTamB/?utm_source=ig_web_copy_link&igsh=MzRlODBiNWFlZA==,氣・ 親子,未設定,2025-01
01/31/2025,中途覚醒,https://www.instagram.com/reel/DFdkLEnT2Y3/?utm_source=ig_web_copy_link&igsh=MzRlODBiNWFlZA==,体調不良・ 氣・ 食事,未設定,2025-01
02/01/2025,行き渋り。私の氣ってスゴイの,https://www.instagram.com/reel/DFgIXkez_zN/?utm_source=ig_web_copy_link&igsh=MzRlODBiNWFlZA==,不登校・ 嬉しい報告・ 親子,未設定,2025-02
02/02/2025,何度でも失敗してもイイ,https://www.instagram.com/reel/DFitJjDzC7g/?utm_source=ig_web_copy_link&igsh=MzRlODBiNWFlZA==,氣,未設定,2025-02
02/03/2025,氣の乱れは連鎖する,https://www.instagram.com/reel/DFlSk4nzu8P/?utm_source=ig_web_copy_link&igsh=MzRlODBiNWFlZA==,氣,未設定,2025-02
02/03/2025,調圧法体験会と治療のお知らせ,https://www.instagram.com/reel/DFmfMDFzF_q/?utm_source=ig_web_copy_link&igsh=MzRlODBiNWFlZA==,セミナー告知,未設定,2025-02
02/04/2025,突き抜けるって何？,https://www.instagram.com/reel/DFn2znlT5eR/?utm_source=ig_web_copy_link&igsh=MzRlODBiNWFlZA==,氣,未設定,2025-02
02/05/2025,お年玉　親が管理する？,https://www.instagram.com/reel/DFqcJ9ezVnU/?utm_source=ig_web_copy_link&igsh=MzRlODBiNWFlZA==,氣・ 親子,未設定,2025-02
02/06/2025,テスト前はコンディションを調える,https://www.instagram.com/reel/DFtA3bITo_J/?utm_source=ig_web_copy_link&igsh=MzRlODBiNWFlZA==,体調不良・ 親子,未設定,2025-02
02/07/2025,突き抜けて城を作ろう,https://www.instagram.com/reel/DFvlIDGz8kt/?utm_source=ig_web_copy_link&igsh=MzRlODBiNWFlZA==,氣,未設定,2025-02
02/08/2025,食べ比べをやってみて,https://www.instagram.com/reel/DFyKdwzzuL6/?utm_source=ig_web_copy_link&igsh=MzRlODBiNWFlZA==,食事,未設定,2025-02
02/08/2025,調圧法の北村さんの出張治療,https://www.instagram.com/reel/DFzUXaBTced/?utm_source=ig_web_copy_link&igsh=MzRlODBiNWFlZA==,セミナー告知,未設定,2025-02
02/09/2025,お母さん、竹を踏みなさい,https://www.instagram.com/reel/DF0vQprTWw8/?utm_source=ig_web_copy_link&igsh=MzRlODBiNWFlZA==,嬉しい報告・ 親子,未設定,2025-02
02/10/2025,自己肯定感を上げるには,https://www.instagram.com/reel/DF3UEskzAI_/?utm_source=ig_web_copy_link&igsh=MzRlODBiNWFlZA==,氣,未設定,2025-02
02/11/2025,中学生のチックと暴言,https://www.instagram.com/reel/DFtAYgiTzH_/?utm_source=ig_web_copy_link&igsh=MzRlODBiNWFlZA==,体調不良・ 嬉しい報告・ 親子,未設定,2025-02
02/11/2025,厄年は変化の年,https://www.instagram.com/reel/DF546aSTbmT/?utm_source=ig_web_copy_link&igsh=MzRlODBiNWFlZA==,氣,未設定,2025-02
02/12/2025,子どもにとって心地いい親になりたい,https://www.instagram.com/reel/DF8du3BTjfc/?utm_source=ig_web_copy_link&igsh=MzRlODBiNWFlZA==,親子,未設定,2025-02
02/13/2025,いいね！すばらしいね！って言う子ども,https://www.instagram.com/reel/DF_B54zzdL6/?utm_source=ig_web_copy_link&igsh=MzRlODBiNWFlZA==,嬉しい報告・ 親子,未設定,2025-02
02/14/2025,共感した気にならないで,https://www.instagram.com/reel/DGBmvsRzb8m/?utm_source=ig_web_copy_link&igsh=MzRlODBiNWFlZA==,不登校・ 人間関係,未設定,2025-02
02/15/2025,子どもが産まれた,https://www.instagram.com/reel/DGELdEoTX4Y/?utm_source=ig_web_copy_link&igsh=MzRlODBiNWFlZA==,氣・ 親子,未設定,2025-02
02/16/2025,しっかり寝たら笑顔が増えた,https://www.instagram.com/reel/DGGwUdrzT4o/?utm_source=ig_web_copy_link&igsh=MzRlODBiNWFlZA==,嬉しい報告・ 氣,未設定,2025-02
02/17/2025,冬になると夜泣き,https://www.instagram.com/reel/DGJVI27zl3k/?utm_source=ig_web_copy_link&igsh=MzRlODBiNWFlZA==,親子,未設定,2025-02
02/18/2025,親の失敗談を聞いてみよう,https://www.instagram.com/reel/DGL52VLTlyt/?utm_source=ig_web_copy_link&igsh=MzRlODBiNWFlZA==,氣・ 親子,未設定,2025-02
02/19/2025,副鼻腔炎,https://www.instagram.com/reel/DGOepasziT5/?utm_source=ig_web_copy_link,体調不良・ 食事,未設定,2025-02
02/20/2025,最高の新しい職場,https://www.instagram.com/reel/DGREAM9zAy0/?utm_source=ig_web_copy_link&igsh=MzRlODBiNWFlZA==,嬉しい報告・ 氣,未設定,2025-02
02/21/2025,こんな占いは信じなくてイイ,https://www.instagram.com/reel/DGToTmpznn6/?utm_source=ig_web_copy_link&igsh=MzRlODBiNWFlZA==,氣,未設定,2025-02
02/22/2025,保育園で片足立ちをする息子,https://www.instagram.com/reel/DGWNqvITC2Z/?utm_source=ig_web_copy_link&igsh=MzRlODBiNWFlZA==,嬉しい報告・ 氣・ 親子,未設定,2025-02
02/23/2025,氣が調っているサインの見方,https://www.instagram.com/reel/DGYyZIhT2rM/?utm_source=ig_web_copy_link&igsh=MzRlODBiNWFlZA==,氣,未設定,2025-02
02/24/2025,痔の治し方,https://www.instagram.com/reel/DGbWnp6z4oQ/?utm_source=ig_web_copy_link&igsh=MzRlODBiNWFlZA==,体調不良,未設定,2025-02
02/25/2025,ヒーロー気質の強い夫,https://www.instagram.com/reel/DGd7cAvzeO1/?utm_source=ig_web_copy_link&igsh=MzRlODBiNWFlZA==,パートナー・ 人間関係,未設定,2025-02
02/26/2025,チョコの欲求が減った,https://www.instagram.com/reel/DGgg2x2TumH/?utm_source=ig_web_copy_link&igsh=MzRlODBiNWFlZA==,嬉しい報告・ 食事,未設定,2025-02
02/27/2025,女は愛嬌？,https://www.instagram.com/reel/DGjE-xBzGWU/?utm_source=ig_web_copy_link&igsh=MzRlODBiNWFlZA==,人間関係・ 氣,未設定,2025-02
02/28/2025,51歳。今からでも変われますか？,https://www.instagram.com/reel/DGlqb_xTqUA/?utm_source=ig_web_copy_link&igsh=MzRlODBiNWFlZA==,氣,未設定,2025-02
03/01/2025,時間は大事！,https://www.instagram.com/reel/DGoOmftTbZ9/?utm_source=ig_web_copy_link&igsh=MzRlODBiNWFlZA==,人間関係,未設定,2025-03
03/02/2025,子どもが調ってきた,https://www.instagram.com/reel/DGqzYe3zQQx/?utm_source=ig_web_copy_link&igsh=MzRlODBiNWFlZA==,嬉しい報告・ 親子,未設定,2025-03
03/03/2025,放置しても攻めてくる夫,https://www.instagram.com/reel/DGtYN4PTlK-/?utm_source=ig_web_copy_link&igsh=MzRlODBiNWFlZA==,パートナー・ 人間関係,未設定,2025-03
03/04/2025,糖質依存,https://www.instagram.com/reel/DGv9mkOzIb-/?utm_source=ig_web_copy_link&igsh=MzRlODBiNWFlZA==,食事,未設定,2025-03
03/05/2025,生理が調ってきた,https://www.instagram.com/reel/DGyhw5RzPm0/?utm_source=ig_web_copy_link&igsh=MzRlODBiNWFlZA==,生理,未設定,2025-03
03/06/2025,怖い上司と転職希望,https://www.instagram.com/reel/DG1GkNITYXN/?utm_source=ig_web_copy_link&igsh=MzRlODBiNWFlZA==,人間関係,未設定,2025-03
03/07/2025,ダラダラしたら家事が,https://www.instagram.com/reel/DG3rV0DT502/?utm_source=ig_web_copy_link&igsh=MzRlODBiNWFlZA==,氣・ 親子,未設定,2025-03
03/08/2025,この世界の設定,https://www.instagram.com/reel/DG6QJrGTql5/?utm_source=ig_web_copy_link&igsh=MzRlODBiNWFlZA==,氣,未設定,2025-03
03/09/2025,調ってきた私と思春期の娘,https://www.instagram.com/reel/DG81haqTBas/?utm_source=ig_web_copy_link&igsh=MzRlODBiNWFlZA==,体調不良・ 嬉しい報告・ 親子,未設定,2025-03
03/10/2025,がんばりたい人を変えることはできますか？,https://www.instagram.com/reel/DG_aVLWT--T/?utm_source=ig_web_copy_link&igsh=MzRlODBiNWFlZA==,人間関係,未設定,2025-03
03/10/2025,告知：東洋医学の男と女、人間関係のキホン,https://www.instagram.com/reel/DHAfrfqzboX/?utm_source=ig_web_copy_link&igsh=MzRlODBiNWFlZA==,セミナー告知,未設定,2025-03
03/11/2025,１７歳の娘と合わない,https://www.instagram.com/reel/DHB_LJkz0OQ/?utm_source=ig_web_copy_link&igsh=MzRlODBiNWFlZA==,人間関係・ 親子,未設定,2025-03
03/12/2025,車酔い,https://www.instagram.com/reel/DHEj7g_zKD8/?utm_source=ig_web_copy_link&igsh=MzRlODBiNWFlZA==,体調不良・ 氣,未設定,2025-03
03/13/2025,出産後の生理の再開,https://www.instagram.com/reel/DHHIJOuTrZT/?utm_source=ig_web_copy_link&igsh=MzRlODBiNWFlZA==,生理,未設定,2025-03
03/14/2025,調えるってすごい,https://www.instagram.com/reel/DHJs-7ezRek/?utm_source=ig_web_copy_link&igsh=MzRlODBiNWFlZA==,嬉しい報告・ 氣,未設定,2025-03
03/15/2025,子どもと向き合えない,https://www.instagram.com/reel/DHMRyeDzWMI/?utm_source=ig_web_copy_link&igsh=MzRlODBiNWFlZA==,親子,未設定,2025-03
03/15/2025,調圧法の治療デモ：反れない背中,https://www.instagram.com/reel/DHNk0rIzoAV/?utm_source=ig_web_copy_link&igsh=MzRlODBiNWFlZA==,セミナー告知,未設定,2025-03
03/16/2025,ロングスリーパーを治したい,https://www.instagram.com/reel/DHO3E85z2FU/?utm_source=ig_web_copy_link&igsh=MzRlODBiNWFlZA==,氣,未設定,2025-03
03/17/2025,ピルを服用している人の調え方,https://www.instagram.com/reel/DHRbUm4zSHd/?utm_source=ig_web_copy_link&igsh=MzRlODBiNWFlZA==,生理,未設定,2025-03
03/18/2025,夫婦仲が良くなった,https://www.instagram.com/reel/DHUAIscz3By/?utm_source=ig_web_copy_link&igsh=MzRlODBiNWFlZA==,パートナー・ 人間関係・ 嬉しい報告,未設定,2025-03
03/19/2025,氣を調えようよって話,https://www.instagram.com/reel/DHWk8sNzBwS/?utm_source=ig_web_copy_link&igsh=MzRlODBiNWFlZA==,氣,未設定,2025-03
03/20/2025,占いで未来は分かるの？,https://www.instagram.com/reel/DHZJthkzbDL/?utm_source=ig_web_copy_link&igsh=MzRlODBiNWFlZA==,氣,未設定,2025-03
03/20/2025,告知：東洋医学の男と女、人間関係のキホン,https://www.instagram.com/reel/DHaYOynTQvR/?utm_source=ig_web_copy_link&igsh=MzRlODBiNWFlZA==,セミナー告知,未設定,2025-03
03/21/2025,旦那のイイとこ教えてよ,https://www.instagram.com/reel/DHbvFI_z5Bm/?utm_source=ig_web_copy_link&igsh=MzRlODBiNWFlZA==,パートナー,未設定,2025-03
03/21/2025,告知：東洋医学の男と女、人間関係のキホン,https://www.instagram.com/reel/DHdGGEEum0S/?utm_source=ig_web_copy_link&igsh=MzRlODBiNWFlZA==,セミナー告知,未設定,2025-03
03/22/2025,適応障害と鬱で長く寝てしまう,https://www.instagram.com/reel/DHeT6OwzYSs/?utm_source=ig_web_copy_link&igsh=MzRlODBiNWFlZA==,体調不良・ 氣,未設定,2025-03
03/22/2025,告知：東洋医学の男と女、人間関係のキホン,https://www.instagram.com/reel/DHfhegez2kp/?utm_source=ig_web_copy_link&igsh=MzRlODBiNWFlZA==,セミナー告知,未設定,2025-03
03/23/2025,シンママと発達障害の息子,https://www.instagram.com/reel/DHg4Joxz9ai/?utm_source=ig_web_copy_link&igsh=MzRlODBiNWFlZA==,発達障害・ 親子,未設定,2025-03
03/23/2025,空港でおにぎりに喜ぶ👨‍🦲,https://www.instagram.com/reel/DHiKHaGzkg9/?utm_source=ig_web_copy_link&igsh=MzRlODBiNWFlZA==,未設定,未設定,2025-03
03/24/2025,食べ物に良い悪いはナイ,https://www.instagram.com/reel/DHjc4Z3T4zP/?utm_source=ig_web_copy_link&igsh=MzRlODBiNWFlZA==,食事,未設定,2025-03
03/25/2025,みんながイイ人っていうあの人,https://www.instagram.com/reel/DHmCVUEzfTK/?utm_source=ig_web_copy_link&igsh=MzRlODBiNWFlZA==,人間関係・ 氣,未設定,2025-03
03/26/2025,自分に自信を持つには？,https://www.instagram.com/reel/DHonHirzhRD/?utm_source=ig_web_copy_link&igsh=MzRlODBiNWFlZA==,氣,未設定,2025-03
03/27/2025,バッキバキの笑顔,https://www.instagram.com/reel/DHrLSBQTW3H/?utm_source=ig_web_copy_link&igsh=MzRlODBiNWFlZA==,嬉しい報告,未設定,2025-03
03/28/2025,楽しい大人になって,https://www.instagram.com/reel/DHtwJUuThly/?utm_source=ig_web_copy_link&igsh=MzRlODBiNWFlZA==,氣・ 親子,未設定,2025-03
03/28/2025,調圧法の体の見方：症状の原因を探す,https://www.instagram.com/reel/DHu_foOTlxf/?utm_source=ig_web_copy_link&igsh=MzRlODBiNWFlZA==,セミナー告知,未設定,2025-03
03/29/2025,スパッと切る覚悟,https://www.instagram.com/reel/DHwVetbTw49/?utm_source=ig_web_copy_link&igsh=MzRlODBiNWFlZA==,パートナー,未設定,2025-03
03/30/2025,放置と育児放棄,https://www.instagram.com/reel/DHy6OavT7kb/?utm_source=ig_web_copy_link&igsh=MzRlODBiNWFlZA==,親子,未設定,2025-03
03/31/2025,職場でボウザーを発見,https://www.instagram.com/reel/DH1fARozTSZ/?utm_source=ig_web_copy_link&igsh=MzRlODBiNWFlZA==,嬉しい報告,未設定,2025-03
04/01/2025,外面で寄ってくるのは大人,https://www.instagram.com/reel/DH4D5ZrzWt2/?utm_source=ig_web_copy_link&igsh=MzRlODBiNWFlZA==,人間関係・ 氣,未設定,2025-04
04/01/2025,調圧法の体の見方：経絡の反応を診る,https://www.instagram.com/reel/DH5Ryc7zF5R/?utm_source=ig_web_copy_link,セミナー告知,未設定,2025-04
04/02/2025,冬休みに昼夜逆転,https://www.instagram.com/reel/DH6oDkfzVvl/?utm_source=ig_web_copy_link&igsh=MzRlODBiNWFlZA==,親子,未設定,2025-04
04/03/2025,息子の機嫌を取るのをやめてみた,https://www.instagram.com/reel/DH9NdtbTbsv/?utm_source=ig_web_copy_link&igsh=MzRlODBiNWFlZA==,嬉しい報告・ 親子,未設定,2025-04
04/04/2025,反りの合わない上司のいる会社,https://www.instagram.com/reel/DH_yRvnT7tW/?utm_source=ig_web_copy_link&igsh=MzRlODBiNWFlZA==,人間関係・ 氣,未設定,2025-04
04/05/2025,八日目のモラ,https://www.instagram.com/reel/DICWc5FTVQc/?utm_source=ig_web_copy_link&igsh=MzRlODBiNWFlZA==,パートナー・ 親子,未設定,2025-04
04/06/2025,完璧主義は氣の乱れ？,https://www.instagram.com/reel/DIE72nHztru/?utm_source=ig_web_copy_link&igsh=MzRlODBiNWFlZA==,氣,未設定,2025-04
04/07/2025,ダンナが言いたいコトを言ってくれない,https://www.instagram.com/reel/DIHgDxWzoc6/?utm_source=ig_web_copy_link&igsh=MzRlODBiNWFlZA==,パートナー,未設定,2025-04
04/08/2025,ボウズのメンター,https://www.instagram.com/reel/DIKFYcdzzuL/?utm_source=ig_web_copy_link&igsh=MzRlODBiNWFlZA==,人間関係・ 氣,未設定,2025-04
04/09/2025,子どもを接待,https://www.instagram.com/reel/DIMpqSYTIuC/?utm_source=ig_web_copy_link&igsh=MzRlODBiNWFlZA==,人間関係・ 氣,未設定,2025-04
04/10/2025,いじめてくる同級生,https://www.instagram.com/reel/DIPOZRRzPfg/?utm_source=ig_web_copy_link&igsh=MzRlODBiNWFlZA==,人間関係・ 親子,未設定,2025-04
04/11/2025,自己責任。自分が選択した結果,https://www.instagram.com/reel/DIRzw2izkaG/?utm_source=ig_web_copy_link&igsh=MzRlODBiNWFlZA==,人間関係,未設定,2025-04
04/12/2025,離婚したいと思っていた夫が…,https://www.instagram.com/reel/DIUYm41z0DE/?utm_source=ig_web_copy_link&igsh=MzRlODBiNWFlZA==,パートナー,未設定,2025-04
04/13/2025,表現にこだわるアーティストな子,https://www.instagram.com/reel/DIW9aikzxCd/?utm_source=ig_web_copy_link&igsh=MzRlODBiNWFlZA==,親子,未設定,2025-04
04/14/2025,寂しがる彼,https://www.instagram.com/reel/DIZhmVbT9bX/?utm_source=ig_web_copy_link&igsh=MzRlODBiNWFlZA==,パートナー,未設定,2025-04
04/14/2025,ス活の第二期受付は今日までです,https://www.instagram.com/reel/DIaT7qHzNAD/?utm_source=ig_web_copy_link&igsh=MzRlODBiNWFlZA==,セミナー告知,未設定,2025-04
04/15/2025,娘と勉強した,https://www.instagram.com/reel/DIcGYXETTym/?utm_source=ig_web_copy_link&igsh=MzRlODBiNWFlZA==,嬉しい報告・ 親子,未設定,2025-04
04/16/2025,気がついた人がやればいい？,https://www.instagram.com/reel/DIerPaDTsMk/?utm_source=ig_web_copy_link&igsh=MzRlODBiNWFlZA==,パートナー・ 人間関係,未設定,2025-04
04/17/2025,思春期の子どもとの距離感,https://www.instagram.com/reel/DIhQhFyzt_p/?utm_source=ig_web_copy_link&igsh=MzRlODBiNWFlZA==,親子,未設定,2025-04
04/18/2025,反面教師でイイの？,https://www.instagram.com/reel/DIj1TQUzfB8/?utm_source=ig_web_copy_link&igsh=MzRlODBiNWFlZA==,人間関係・ 親子,未設定,2025-04
04/19/2025,発達障害と診断された小2の娘,https://www.instagram.com/reel/DImaJ37zoBi/?utm_source=ig_web_copy_link&igsh=MzRlODBiNWFlZA==,セミナー告知・ 嬉しい報告・ 発達障害,未設定,2025-04
04/20/2025,スマホを見る理由,https://www.instagram.com/reel/DImZoP0T7KS/?utm_source=ig_web_copy_link&igsh=MzRlODBiNWFlZA==,氣,未設定,2025-04
04/21/2025,子どもを平等に,https://www.instagram.com/reel/DIrjITJTYl5/?utm_source=ig_web_copy_link&igsh=MzRlODBiNWFlZA==,親子,未設定,2025-04
04/22/2025,I hoach you,https://www.instagram.com/reel/DIuIgiOz4sT/?utm_source=ig_web_copy_link&igsh=MzRlODBiNWFlZA==,パートナー・ 人間関係・ 嬉しい報告・ 親子,未設定,2025-04
04/23/2025,昇格しました,https://www.instagram.com/reel/DIwsv1TzqR9/?utm_source=ig_web_copy_link&igsh=MzRlODBiNWFlZA==,嬉しい報告,未設定,2025-04
04/24/2025,下級生に当たる息子,https://www.instagram.com/reel/DIzRk4Fz5JS/?utm_source=ig_web_copy_link&igsh=MzRlODBiNWFlZA==,人間関係・ 親子,未設定,2025-04
04/25/2025,喧嘩でマウントをとる夫,https://www.instagram.com/reel/DI12ZvIT-AD/?utm_source=ig_web_copy_link&igsh=MzRlODBiNWFlZA==,パートナー・ 人間関係,未設定,2025-04
04/26/2025,彼氏ができた,https://www.instagram.com/reel/DI4bHf_ztBy/?utm_source=ig_web_copy_link&igsh=MzRlODBiNWFlZA==,嬉しい報告,未設定,2025-04
04/27/2025,もっと子どもと遊んであげたい,https://www.instagram.com/reel/DI7AjLATT7G/?utm_source=ig_web_copy_link&igsh=MzRlODBiNWFlZA==,親子,未設定,2025-04
04/28/2025,怒り狂っていた私が…,https://www.instagram.com/reel/DI9lU5UTfSX/?utm_source=ig_web_copy_link&igsh=MzRlODBiNWFlZA==,嬉しい報告・ 氣・ 親子,未設定,2025-04
04/29/2025,周りの人から見られたい,https://www.instagram.com/reel/DJAJkncT0l2/?utm_source=ig_web_copy_link&igsh=MzRlODBiNWFlZA==,氣,未設定,2025-04
04/30/2025,足るを知るって何？,https://www.instagram.com/reel/DJCuRk_TdJ9/?utm_source=ig_web_copy_link&igsh=MzRlODBiNWFlZA==,氣,未設定,2025-04
05/01/2025,義理の家族との距離が…,https://www.instagram.com/reel/DJFTGLMTvmU/?utm_source=ig_web_copy_link&igsh=MzRlODBiNWFlZA==,人間関係・ 嬉しい報告,未設定,2025-05
